,text,lang,id,author_id,created_at
0,"Need Help?
Kindly Dm for,
#Biochem
#Algebra
#Statistics
#English
#Chemistry 
#Accounting
#Project
#Finance
#finals
#Biology
#javascript
#100DaysOfCode
#WomenWhoCode
#programming
#DataScience
#python
#mathlab
HMU @Academic_tutor5
#USA #UK #UAE #KUWAIT #SAUDIARABIA #QATAR https://t.co/gHsXH9n0jE",en,1537954542922321923,1226010600104431617,2022-06-18T00:25:11.000Z
1,"We have a team of professionals
#Assignmenthelp
#Paper pay 
#python
#homework
#Onlineclass
#Essaypay
#100DaysOfCode
#Econometrics
#Math
#homework
#essaywrite
#Casestudy
#javascript
#Homework
#Philosophy
#WomenWhoCode 
#Assignmentdue
#NodeJS
#essayhelp https://t.co/An01J0JsEz",en,1537954058627010561,1248663064817422336,2022-06-18T00:23:16.000Z
2,"Need Help?
Kindly Dm for,
#Biochem
#Algebra
#Statistics
#English
#Chemistry 
#Accounting
#Project
#Finance
#finals
#Biology
#javascript
#100DaysOfCode
#WomenWhoCode
#programming
#DataScience
#python
#mathlab
HMU @freelancer_63
#USA #UK #UAE #KUWAIT #SAUDIARABIA #QATAR https://t.co/XAvZ6FzULV",en,1537953681672269827,1428676583993352200,2022-06-18T00:21:46.000Z
3,"Pay us to do or write your 
#Assignments 
#calculus 
#homework
#Homeworkhelp 
#summerclasses 
#Onlineclass 
#essayhelp 
#Essaydue 
#essaywrite 
#Essays
#Music
#Art
#Law 
#Javascript
#Python
#Programming
#CodeNewbies 
#100daysofcode
#webdevelopment 
#Datascience
Dm us now for help https://t.co/82X1fskCHb",en,1537953653146779649,1288142066082557954,2022-06-18T00:21:39.000Z
4,"Pay us to do or write your 
#Assignments 
#calculus 
#homework
#Homeworkhelp 
#summerclasses 
#Onlineclass 
#essayhelp 
#Essaydue 
#essaywrite 
#Essays
#Music
#Art
#Law 
#Javascript
#Python
#Programming
#CodeNewbies 
#100daysofcode
#webdevelopment 
#Datascience
Dm us now for help https://t.co/gOIGM5Z74r",en,1537953125969014785,1288142066082557954,2022-06-18T00:19:33.000Z
5,"We offer Legit &amp; Quality academic solutions.
Kindly dm to place your order;
 #essaypay 
#Econometrics
#javascript
#WomenWhoCode
#English 
#Assignmentpay
#100DaysOfCode
#Python
#NodeJS
#Biology
#Math
#Essaydue
#homeworkslave
#OnlineClasses
#psychology https://t.co/gJShcQw5Dq",en,1537952980552413184,1248663064817422336,2022-06-18T00:18:59.000Z
6,"#Excellency is our top focus 
 #Essayshelp
#Homework
#Exams
#Assignments 
#Serverless
#Calculus
#Onlineclass
#javascript
#psychology
#dissertation
#Javascript
#Python
#programming
#Biology
#litreture
#CodeNewbies 
#100DaysOfCode
#Geography 
#WomenWhoCode 
#Dm us
@Assignment_t5 https://t.co/49W7RyFuZu",en,1537952388266348544,1248663064817422336,2022-06-18T00:16:37.000Z
7,"#online class
#assignments
#economics 
#essay pay
#essay due
#javascript
#chicagoessays
@Assignment_t5

#Maths  
#dissertation 
#Biology
#business 
#Project .
#proposals
#Python 
#research 
#Algebra
#ZeroPlagiarism
#Sociology
#100daysofcodechallenge 
#100DaysOfCode
#UK #UAE https://t.co/aytWWjfond",en,1537952107923329026,1248663064817422336,2022-06-18T00:15:30.000Z
8,"Grade A+ assured in any timed paper
#Essay due
#Pay write
#javascript
#Online class take
#Philosophy 
#Chemistry
Literature
#Calculus1,2
#Biology
#Python
#Nursing
#psychology
#Essayhelp
#Essay
#Essaypay
#100DaysOfCode
#WomenWhoCode
#Java
#Linux.
Mathlab
DM
@Assignment_t5 https://t.co/AEegT7Klje",en,1537952105972961280,1248663064817422336,2022-06-18T00:15:30.000Z
9,"We are available to help you complete your essays and assignments
#Engineering
#Nursing
#python
#Onlineclass
#ESSAYS
#100DaysOfCode
#Econometrics
#Math
#essaywrite
Casestudy
#javascript
Homework
#Philosophy
#WomenWhoCode 
#Assignmentdue
Dm 
@Assignment_t5 https://t.co/LSQTIGxH0Z",en,1537952088663072768,1248663064817422336,2022-06-18T00:15:26.000Z
10,"We are available 24/7
#python
#homeworkdue 
#chemistry
#Onlineclass
#Engineering
#Essays
#Econometrics
#Statistics
Thesis
#essaywrite
#Essayhelp
#Casestudy
#Javascript
#Maths 
#Philosophy
#homeworks
#100DaysOfCode
#WomenWhoCode
#NodeJ
dm
@Assignment_t5 https://t.co/dKY9xebXyZ",en,1537952087912304642,1248663064817422336,2022-06-18T00:15:26.000Z
11,"Grade A+ assured in any timed paper
#Essay due
#Pay write
#javascript
#Online class take
#Philosophy 
#Chemistry
Literature
#Calculus1,2
#Biology
#Python
#Nursing
#psychology
#Essayhelp
#Essay
#Essaypay
#100DaysOfCode
#WomenWhoCode
#Java
#Linux.
Mathlab
DM
@Assignment_t5 https://t.co/PdQl9rXUeC",en,1537952087459278850,1248663064817422336,2022-06-18T00:15:26.000Z
12,"Hire for quality work
#Physics 
Geography 
Nursing #Biochem  
#essay
#Pay assignment 
Economics 
#pay someone 
#python 
#Psychology
#Programming 
#Pay essay
Algebra 
Pay biology
#spring classes 
#javascript 
#WomenWhoCode 
#Maths 
#100DaysOfCode
#Online classes
@Assignment_t5 https://t.co/7JSml3mTcQ",en,1537952085643128834,1248663064817422336,2022-06-18T00:15:25.000Z
13,"We don't scam. It's simple steps to get your work done. Pay half and another half when you receive the work. Will be sending a draft/update every time you ask for it until we're done.
#100DaysOfCode #WomenWhoCode #NodeJS #IoT #Python #javascript https://t.co/HZf2Gff5Y0",en,1537952081943748610,1248663064817422336,2022-06-18T00:15:24.000Z
14,"Do you need help in? 
#python
#homeworkdue 
#chemistry
#Onlineclass
#Essaypay
#Econometrics
#Statistics
#homework
#essaywrite
#Essayhelp
Casestudy
#Javascript
#Maths 
#Philosophy
#homeworkslave
#Law
#100DaysOfCode
#WomenWhoCode
#NodeJS
#DEVCommunity 

Hmu 
@Assignment_t5 https://t.co/2S94o39uvg",en,1537952063144898562,1248663064817422336,2022-06-18T00:15:20.000Z
15,"Movie Night Poll! Astral Discord in 1hour! 

@AstralRegion 

https://t.co/aNdyPyBHDv

#fortnite #rt #memes #FortniteCollision #dank #movie #night #100daysofcode #python #cyber #gaming 

Poll for Movie night:",en,1537952038092386304,1149374244284960773,2022-06-18T00:15:14.000Z
16,"Hello, kindly send us details of your assignments and be rest assured of good grades
#ESSAYS 
#HW 
#DataScience   
#MATHS
#ACCOUNTS
#FINANCE
#STATS
#WRITING 
#RESEARCH
#NURSING
#HISTORY
#PSYCHOLOGY
#CHEM
#BIOLOGY
#APA_MLA
#PYTHON
#fallsemester
#LAB
#100DaysofCode 
#javascript 
Dm https://t.co/bYCKttHtjC",en,1537952002944118788,1428676583993352200,2022-06-18T00:15:05.000Z
17,"Pay us to do or write your 
#Assignments 
#calculus 
#homework
#Homeworkhelp 
#summerclasses 
#Onlineclass 
#essayhelp 
#Essaydue 
#essaywrite 
#Essays
#Music
#Art
#Law 
#Javascript
#Python
#Programming
#CodeNewbies 
#100daysofcode
#webdevelopment 
#Datascience
Dm us now for help https://t.co/lXBfsYnrgF",en,1537951380702318594,1288142066082557954,2022-06-18T00:12:37.000Z
18,"We do
Exams
Projects
#Sociology
#Exams
#Final paper
#Math
#Calculus
#English
#Thesis
#Dissertation
#Stats
#Essay
#Powerpoint
#Assignments 
#Biology:
#Physics 
#Homeworks
#Nursing 
#Essay pay
#javascript.
#Python 
#Django
#100DaysOfCode 
#AI 
#5G 
#Amazon  
#ArtificialIntelligenc",en,1537951301664792577,895691806750330880,2022-06-18T00:12:18.000Z
19,"We do
Exams
Projects
#Sociology
#Exams
#Final paper
#Math
#Calculus
#English
#Thesis
#Dissertation
#Stats
#Essay
#Powerpoint
#Assignments 
#Biology:
#Physics 
#Homeworks
#Nursing 
#Essay pay
#javascript
#Python 
#Django
#100DaysOfCode 
#AI 
#5G 
#Amazon  
#ArtificialIntelligence",en,1537951276394196993,895691806750330880,2022-06-18T00:12:12.000Z
20,"We do
Exams
Projects
#Sociology
#Exams
#Final paper.
#Math
#Calculus
#English
#Thesis
#Dissertation
#Stats
#Essay
#Powerpoint
#Assignments 
#Biology:
#Physics 
#Homeworks
#Nursing 
#Essay pay
#javascript
#Python 
#Django
#100DaysOfCode 
#AI 
#5G 
#Amazon  
#ArtificialIntelligenc",en,1537951242466385922,895691806750330880,2022-06-18T00:12:04.000Z
21,"We do
Exams
Projects.
#Sociology
#Exams
#Final paper
#Math
#Calculus
#English
#Thesis
#Dissertation
#Stats
#Essay
#Powerpoint
#Assignments 
#Biology:
#Physics 
#Homeworks
#Nursing 
#Essay pay
#javascript
#Python 
#Django
#100DaysOfCode 
#AI 
#5G 
#Amazon  
#ArtificialIntelligenc",en,1537951218017787913,895691806750330880,2022-06-18T00:11:58.000Z
22,"We do.
Exams
Projects
#Sociology
#Exams
#Final paper
#Math
#Calculus
#English
#Thesis
#Dissertation
#Stats
#Essay
#Powerpoint
#Assignments 
#Biology:
#Physics 
#Homeworks
#Nursing 
#Essay pay
#javascript
#Python 
#Django
#100DaysOfCode 
#AI 
#5G 
#Amazon  
#ArtificialIntelligenc",en,1537951195196600322,895691806750330880,2022-06-18T00:11:53.000Z
23,"We do
Exams
Projects
#Sociology
#Exams
#Final paper
#Math
#Calculus
#English
#Thesis
#Dissertation
#Stats
#Essay
#Powerpoint
#Assignments 
#Biology:
#Physics 
#Homeworks
#Nursing 
#Essay pay
#javascript
#Python 
#Django
#100DaysOfCode 
#AI 
#5G 
#Amazon  
#ArtificialIntelligenc",en,1537951155451330561,895691806750330880,2022-06-18T00:11:43.000Z
24,"""Many a man has failed because he had his wishbone where his backbone should have been.""- Ronald Reagan #softwareengineer #javascript #python #C++ #golang #nodejs #reactjs #stockopertor #highgrowthstocks $SPX $QQQ $RUT $VIX #canslim #100DaysOfCode",en,1537950850244485120,1243665419501744133,2022-06-18T00:10:31.000Z
25,"Day34  #100DaysOfCode #Python

Today I studied Python ""TypeHints"".

34 days passed.

I haven't got the whole picture yet.
Maybe neverü§î

So I think,
I need to develop my own program by myself gradually
while learning.",en,1537950633659355136,1211446433309581312,2022-06-18T00:09:39.000Z
26,"We have a team of professionals
#Assignmenthelp
#Paper pay 
#python
#homework
#Onlineclass
#Essaypay
#100DaysOfCode
#Econometrics
#Math
#homework
#essaywrite
#Casestudy
#javascript
#Homework
#Philosophy
#WomenWhoCode 
#Assignmentdue
#NodeJS
#essayhelp
HMU @freelancer_63 https://t.co/xTVXA4mVrW",en,1537950521104863232,1428676583993352200,2022-06-18T00:09:12.000Z
27,#Fresh #House #Bass #EDM #release by Boiler Room | #Retweet #AI #rtitbot '@BlazedRTs '@RexRTs '@sme_rt #php #react #python #nodejs #flutter #webdev #100daysofcode #sound #design #coding | #Buy the #music https://t.co/CyH3J5B0n5,en,1537950060675076099,1949360875,2022-06-18T00:07:22.000Z
28,"#100DaysOfCode wrote some little Python programs, mucked about with nested loops and saving to files, been playing with the Pok√©mon API this evening with the aim of retrieving details for 6 Pok√©mon at random. My eyeballs hurt.",en,1537949879774744576,1374134663472635916,2022-06-18T00:06:39.000Z
29,"Pay us to do or write your 
#Assignments 
#calculus 
#homework
#Homeworkhelp 
#summerclasses 
#Onlineclass 
#essayhelp 
#Essaydue 
#essaywrite 
#Essays
#Music
#Art
#Law 
#Javascript
#Python
#Programming
#CodeNewbies 
#100daysofcode
#webdevelopment 
#Datascience
Dm us now for help https://t.co/VgBxg5VCKt",en,1537949565462032384,1288142066082557954,2022-06-18T00:05:24.000Z
30,No. 2453 programming meme #programmingjoke #code #coding #javascript #python #datascience #programming #programmer #joke #100daysofcode #webdev #webdevelopment #php #java #linux #css #programmingmemes #codinglife #codingpics #programmingjokes https://t.co/OLZlgRNwQY #configurow‚Ä¶,en,1537949162758582277,227530614,2022-06-18T00:03:48.000Z
31,"Pay us to do or write your 
#Assignments 
#calculus 
#homework
#Homeworkhelp 
#summerclasses 
#Onlineclass 
#essayhelp 
#Essaydue 
#essaywrite 
#Essays
#Music
#Art
#Law 
#Javascript
#Python
#Programming
#CodeNewbies 
#100daysofcode
#webdevelopment 
#Datascience
Dm us now for help https://t.co/EWfh9WUY8N",en,1537948613791260675,1288142066082557954,2022-06-18T00:01:37.000Z
32,"üêç In this entire FREE Course, You'll go through step-by-step Tutorials: Covering your Python Environment Setup, the Basic Concepts &amp; Features of Python with Real-Life Projects to become a Python Developer

https://t.co/E6i2HV8vvn

#python #developer #programming #100DaysOfCode https://t.co/yOhVv3vZsa",en,1537948291328901120,1221171513250013184,2022-06-18T00:00:21.000Z
33,"75 Insightful Facts About Artificial Intelligence

Know more: https://t.co/CBRZIWObn8

#MachineLearning¬†#AI¬†#Python¬†#DataScience¬†#BigData¬†
#DeepLearning¬†#IoT¬†#NLP¬†#100DaysOfCode¬†#5G¬†#robots¬†
#tech¬†#ArtificialIntelligence¬†#cloud¬†#4IR¬†#cybersecurity https://t.co/wri2fnkvVP",en,1537948233380425729,291831562,2022-06-18T00:00:07.000Z
34,No. 2453 programming meme #programmingjoke #code #coding #javascript #python #datascience #programming #programmer #joke #100daysofcode #webdev #webdevelopment #php #java #linux #css #programmingmemes #codinglife #codingpics #programmingjokes https://t.co/DqzSP7Fnvd,en,1537948226443018243,1272948619822264320,2022-06-18T00:00:05.000Z
35,"Need a #Job?
Sign up now https://t.co/o7lVlsl75X
FREE. NO MIDDLEMEN
#AbuDhabi #Pakistan #Iran #Irak #India #Dubai #Bangladesh #Taiwan #Thailand #Vietnam #Malaysia #Indonesia #Qatar #Python #JavaScript #ReactJS #WomenWhoCode #Programming #Coding #100DaysofCode #BTC #NFTs #HR #ETH https://t.co/favh9OCBaU",en,1537948215202525184,1332714745871421443,2022-06-18T00:00:02.000Z
36,Made some games based on OOP #100DaysOfCode #Python,en,1537948154083299329,1524419957198831616,2022-06-17T23:59:48.000Z
37,"This is me

I‚Äôve always had the plan, the vision to completely switch careers.

Sometimes I feel like time is going but I know deep down I won‚Äôt quit until I achieve it.
#100DaysOfCode

I constantly share knowledge on
1. Web dev
2. Python Programming
3. Tech
Let's connect üëá",en,1537947094228475905,3338757543,2022-06-17T23:55:35.000Z
38,"#InternetOfThings #100DaysOfCloud #frontend #developer #pythoncode #python #ArtificialIntelligence #learnprogramming #NFTs #100DaysOfCode #WEB3 #learning #computer #promo #CodeNewbie #blockhain #serverless #css 

Learning never exhausts the mind.

https://t.co/Xa8hD2rqAC",en,1537946503477506048,1248615252201066510,2022-06-17T23:53:14.000Z
39,"Pay us to do or write your 
#Assignments 
#calculus 
#homework
#Homeworkhelp 
#summerclasses 
#Onlineclass 
#essayhelp 
#Essaydue 
#essaywrite 
#Essays
#Music
#Art
#Law 
#Javascript
#Python
#Programming
#CodeNewbies 
#100daysofcode
#webdevelopment 
#Datascience
Dm us now for help https://t.co/DwmnmVQy8z",en,1537945758179000326,1288142066082557954,2022-06-17T23:50:17.000Z
40,"""If you tell the truth, you don't have to remember anything.""- Mark Twain #softwareengineer #javascript #python #C++ #golang #nodejs #reactjs #stockopertor #highgrowthstocks $SPX $QQQ $RUT $VIX #canslim #100DaysOfCode",en,1537945736213434368,1243665419501744133,2022-06-17T23:50:11.000Z
41,"Need a #Job?
Sign up now https://t.co/o7lVlsl75X
FREE. NO MIDDLEMEN
#AbuDhabi #Pakistan #Iran #Irak #India #Dubai #Bangladesh #Taiwan #Thailand #Vietnam #Malaysia #Indonesia #Qatar #Python #JavaScript #ReactJS #WomenWhoCode #Programming #Coding #100DaysofCode #BTC #NFTs #HR #ETH https://t.co/ogI69zV4YK",en,1537945693880569856,1332714745871421443,2022-06-17T23:50:01.000Z
42,"Pay us to do or write your 
#Assignments 
#calculus 
#homework
#Homeworkhelp 
#summerclasses 
#Onlineclass 
#essayhelp 
#Essaydue 
#essaywrite 
#Essays
#Music
#Art
#Law 
#Javascript
#Python
#Programming
#CodeNewbies 
#100daysofcode
#webdevelopment 
#Datascience
Dm us now for help https://t.co/ckbe909OcM",en,1537944949819207680,1288142066082557954,2022-06-17T23:47:04.000Z
43,"Looking for someone to do your,
#Assignmentdue..
#homework 
#python..
#Onlineclass,,,
#javascript
#math
#chemistry 
#essayhelp.
#100DaysOfCode
#essaypay
#geology
#researchpaper 
#paysomeone 
#WomenWhoCode
#DEVCommunity
#USA #UK #UAE #KUWAIT #QATAR #SaudiArabia",en,1537944621904384002,1442040805481332736,2022-06-17T23:45:46.000Z
44,"#Bitcoin #Cryptos #BTC #orderflow #buythedip #cryptocurrencies #MachineLearning #AI #Python #DeepLearning #100DaysOfCode #fintech #nocode #metaverse #NFTs #cryptocrash #CoinMarketCap #blockchain #cryptocurrency #CardanoADA #btc $ADA 
https://t.co/y32HNCOhSA",qme,1537944367758864385,439380250,2022-06-17T23:44:45.000Z
45,"Pay us to do or write your 
#Assignments 
#calculus 
#homework
#Homeworkhelp 
#summerclasses 
#Onlineclass 
#essayhelp 
#Essaydue 
#essaywrite 
#Essays
#Music
#Art
#Law 
#Javascript
#Python
#Programming
#CodeNewbies 
#100daysofcode
#webdevelopment 
#Datascience
Dm us now for help https://t.co/W3cUoTDEYO",en,1537944351531094017,1288142066082557954,2022-06-17T23:44:41.000Z
46,"Pay us to do or write your 
#Assignments 
#calculus 
#homework
#Homeworkhelp 
#summerclasses 
#Onlineclass 
#essayhelp 
#Essaydue 
#essaywrite 
#Essays
#Music
#Art
#Law 
#Javascript
#Python
#Programming
#CodeNewbies 
#100daysofcode
#webdevelopment 
#Datascience
Dm us now for help https://t.co/7PhQTPOqWm",en,1537944235244105736,1288142066082557954,2022-06-17T23:44:13.000Z
47,"Day 1/100, Python tutorial - Intro to Python Comments. Please check it out, any feedback is welcomed.

https://t.co/hu2wJSruDj

#100DaysOfCode #Python #techtwitter #programming #CodeNewbies #backend #Python3 #technology #FrontEnd #coding #beginner",en,1537943338308866051,1532823741994045442,2022-06-17T23:40:40.000Z
48,"Day 2/100, Python tutorial - Intro to Python Variables. Please check it out.

https://t.co/VCOLMFH5Jm

#100DaysOfCode #Python #techtwitter #programming #CodeNewbies #backend #Python3 #technology #FrontEnd #coding #beginner",en,1537943298886668288,1532823741994045442,2022-06-17T23:40:30.000Z
49,"""Success seems to be connected to action. Successful people keep moving. They make mistakes, but they don't quit.""- Conrad Hilton #softwareengineer #javascript #python #C++ #golang #nodejs #reactjs #stockopertor #highgrowthstocks $SPX $QQQ $RUT $VIX #canslim #100DaysOfCode",en,1537943268456927233,1243665419501744133,2022-06-17T23:40:23.000Z
50,"Day 3/100, Python tutorial - Intro to Python Data Types. Like and retweet!

https://t.co/yxxotl83xx

#100DaysOfCode #Python #techtwitter #programming #CodeNewbies #backend #Python3 #technology #FrontEnd #coding #beginner",en,1537943259170754560,1532823741994045442,2022-06-17T23:40:21.000Z
51,"Day 31/50 or problem solving with Python.
Tried another challenge from https://t.co/PoY4bDbke5

1‚É£ The main goal of this task is to check whether a number is a prime number and whether a sequence is an arithmetic sequence. 
2‚É£ Wrote two functions that achieve this.
#100DaysOfCode https://t.co/YDGAGZvwEX",en,1537943233304506378,1170996557841387520,2022-06-17T23:40:15.000Z
52,"Day 4/100, Python tutorial - Intro to Python Strings. Like and retweet!

https://t.co/cmdXFOudPj

#100DaysOfCode #Python #techtwitter #programming #CodeNewbies #backend #Python3 #technology #FrontEnd #coding #beginner",en,1537943219731804160,1532823741994045442,2022-06-17T23:40:11.000Z
53,"Day 5/100, Python | Python Booleans. Please check it out, any feedback is welcomed.

https://t.co/Dj7ofloSPx

#100DaysOfCode #Python #techtwitter #programming #CodeNewbies #backend #Python3 #technology #FrontEnd #coding #beginner",en,1537943184835170304,1532823741994045442,2022-06-17T23:40:03.000Z
54,"Need a #Job?
Sign up now https://t.co/o7lVlsl75X
FREE. NO MIDDLEMEN
#AbuDhabi #Pakistan #Iran #Irak #India #Dubai #Bangladesh #Taiwan #Thailand #Vietnam #Malaysia #Indonesia #Qatar #Python #JavaScript #ReactJS #WomenWhoCode #Programming #Coding #100DaysofCode #BTC #NFTs #HR #ETH https://t.co/aLGYGQx3bH",en,1537943173535830016,1332714745871421443,2022-06-17T23:40:00.000Z
55,"Day 7/100, Python | Count Matrix Islands

https://t.co/BejmqUPRpx

#100DaysOfCode #Python #techtwitter #programming #CodeNewbies #backend #Python3 #technology #FrontEnd #coding #beginner",en,1537943113594941440,1532823741994045442,2022-06-17T23:39:46.000Z
56,"Day 8/100, Python | Path Sum with Python

https://t.co/9RLHUIXEXh

#100DaysOfCode #Python #techtwitter #programming #CodeNewbies #backend #Python3 #technology #FrontEnd #coding #beginner #leetcode #algorithm",cy,1537943078090051585,1532823741994045442,2022-06-17T23:39:38.000Z
57,"Day 9/100, Python | Python Lists
Please check it out.

https://t.co/wXIu0ON4R8

#100DaysOfCode #Python #techtwitter #programming #CodeNewbies #backend #Python3 #technology #FrontEnd #coding #beginner #leetcode #algorithm",en,1537943037908725760,1532823741994045442,2022-06-17T23:39:28.000Z
58,"Day 11/100, Python | Python Tuples

https://t.co/XzQEbAF6Lk

#100DaysOfCode #Python #techtwitter #programming #CodeNewbies #backend #Python3 #technology #FrontEnd #coding #beginner #leetcode #algorithm",fr,1537942965561090049,1532823741994045442,2022-06-17T23:39:11.000Z
59,"Day 13/100, Python | Python Sets

https://t.co/KIhq6CZOjM

#100DaysOfCode #Python #techtwitter #programming #CodeNewbies #backend #Python3 #technology #FrontEnd #coding #beginner #leetcode #algorithm",de,1537942895457488897,1532823741994045442,2022-06-17T23:38:54.000Z
60,"Day 14/100, Python | Python Dictionaries

https://t.co/OUkHB6c96I

#100DaysOfCode #Python #techtwitter #programming #CodeNewbies #backend #Python3 #technology #FrontEnd #coding #beginner #leetcode #algorithm",fr,1537942825844649988,1532823741994045442,2022-06-17T23:38:37.000Z
61,"Day 18/100, CSS | Animated Progress Bar 

https://t.co/oZcY59ZRAE

#100DaysOfCode #CSS #techtwitter #programming #CodeNewbies #animation #skills #technology #FrontEnd #coding #HTML #portfolio #Resume #javascript #Python #Animate",en,1537942649054777344,1532823741994045442,2022-06-17T23:37:55.000Z
62,"Day 19/100, Javascript | Javascript Data Types 

https://t.co/vah4ePPhLz

#100DaysOfCode #CSS #techtwitter #programming #CodeNewbies #animation #skills #technology #FrontEnd #coding #HTML #portfolio #Resume #javascript #Python #Animate #JSON",in,1537942615273840642,1532823741994045442,2022-06-17T23:37:47.000Z
63,"Day 20/100, Javascript | Javascript Functions

https://t.co/3ynhIggPg3

#100DaysOfCode #CSS #techtwitter #programming #CodeNewbies #animation #skills #technology #FrontEnd #coding #HTML #portfolio #Resume #javascript #Python #Animate #JSON",en,1537942573922152452,1532823741994045442,2022-06-17T23:37:37.000Z
64,GIT Command Cheat Sheet https://t.co/eQpLF7bO8G‚Ä¶ #MachineLearning #DataScience #SQL #Cybersecurity #BigData #Analytics #AI #IIoT #Python #RStats #TensorFlow #JavaScript #ReactJS #CloudComputing #Serverless #DataScientist #Linux #Programming #Coding #100DaysofCode #NodeJS #golang https://t.co/Rx1nwlVKQa,en,1537942506939109377,1100891916617555968,2022-06-17T23:37:21.000Z
65,Best of #CyberSecurity Tools #MachineLearning #DataScience #SQL #BigData #Analytics #AI #IIoT #Python #RStats #TensorFlow #JavaScript #ReactJS #CloudComputing #Serverless #DataScientist #Linux #Programming #Coding #100DaysofCode #NodeJS #golang #NLP #GitHub #IoT #MLOps #DevOps https://t.co/KA36DlIz0c,en,1537942090553778182,1100891916617555968,2022-06-17T23:35:42.000Z
66,"Today's Coding Tip: Compare Two Dictionaries in Python. 
 #100DaysOfCode, #CodeNewbie, #301DaysOfCode #WomenWhoCode #WomenInTech
 Find FREE learning resources in https://t.co/LBpwxTJWsk https://t.co/WkLLLRsZYM",en,1537941705034305536,922960773659463680,2022-06-17T23:34:10.000Z
67,#Linux path cheat sheet #MachineLearning #DataScience #SQL #Cybersecurity #BigData #Analytics #AI #IIoT #Python #RStats #TensorFlow #JavaScript #ReactJS #CloudComputing #Serverless #DataScientist #DevOps #Programming #Coding #100DaysofCode #NodeJS #golang #NLP #GitHub #IoT #MLOps https://t.co/YozU22dhzX,en,1537941332345630721,943719473147731968,2022-06-17T23:32:41.000Z
68,"#100DaysOfCode 
Day 68-69: finished learning python yesterday. Today I learnt about Microsoft azure fundamentals.",en,1537941103726301184,1512840453560967170,2022-06-17T23:31:47.000Z
69,"Do you need help in
#python
#homeworkdue 
#chemistry
#Onlineclass
#Essaypay
#Econometrics
#Statistics
#homework
#essaywrite
#Essayhelp
Casestudy
#Javascript
#Maths 
#Philosophy
#homeworkslave
#Law
#100DaysOfCode
#WomenWhoCode
#NodeJS
#DEVCommunity 

@Custompapers5",en,1537941019441803265,1001563985098035200,2022-06-17T23:31:27.000Z
70,"Pay us to do or write 
#Assignments 
#calculus 
#homework
#Homeworkhelp 
#summerclasses 
#Onlineclass 
#essayhelp 
#Essaydue 
#essaywrite 
#Essays
#Music
#Art
#Law 
#Javascript
#Python
#Programming
#CodeNewbies 
#100daysofcode
#webdevelopment 
#Datascience
Dm us now for help https://t.co/mD7oyJcXdg",en,1537940882946633728,1096694291500621824,2022-06-17T23:30:54.000Z
71,"Pay us to do or write 
#Assignments 
#calculus 
#homework
#Homeworkhelp 
#summerclasses 
#Onlineclass 
#essayhelp 
#Essaydue 
#essaywrite 
#Essays
#Music
#Art
#Law 
#Javascript
#Python
#Programming
#CodeNewbies 
#100daysofcode
#webdevelopment 
#Datascience
Dm us now for help",en,1537940824620552194,1096694291500621824,2022-06-17T23:30:40.000Z
72,"Need a #Job?
Sign up now https://t.co/o7lVlsl75X
FREE. NO MIDDLEMEN
#AbuDhabi #Pakistan #Iran #Irak #India #Dubai #Bangladesh #Taiwan #Thailand #Vietnam #Malaysia #Indonesia #Qatar #Python #JavaScript #ReactJS #WomenWhoCode #Programming #Coding #100DaysofCode #BTC #NFTs #HR #ETH https://t.co/8pnfF0reeQ",en,1537940160318476288,1332714745871421443,2022-06-17T23:28:02.000Z
73,GIT Command Cheat Sheet https://t.co/LELJxLo5Tk #MachineLearning #DataScience #SQL #Cybersecurity #BigData #Analytics #AI #IIoT #Python #RStats #TensorFlow #JavaScript #ReactJS #CloudComputing #Serverless #DataScientist #Linux #Programming #Coding #100DaysofCode #NodeJS #golang https://t.co/wHkYFv7bZC,en,1537939664778035205,268619848,2022-06-17T23:26:04.000Z
74,The Ultimate Guide to Subnetting https://t.co/6rtnLJiA2g #DataScience #SQL #Cybersecurity #BigData #Analytics #AI #IIoT #Python #RStats #TensorFlow #JavaScript #ReactJS #CloudComputing #Serverless #DataScientist #Linux #Programming #Coding #100DaysofCode #NodeJS #golang #NLP #IoT https://t.co/cplvgo7FZk,en,1537939509714702336,268619848,2022-06-17T23:25:27.000Z
75,"Pay us to do or write your 
#Assignments 
#calculus 
#homework
#Homeworkhelp 
#summerclasses 
#Onlineclass 
#essayhelp 
#Essaydue 
#essaywrite 
#Essays
#Music
#Art
#Law 
#Javascript
#Python
#Programming
#CodeNewbies 
#100daysofcode
#webdevelopment 
#Datascience
Dm us now for help https://t.co/11Rjm6Asf1",en,1537939462407172097,1288142066082557954,2022-06-17T23:25:16.000Z
76,#Linux path cheat sheet #MachineLearning #DataScience #SQL #Cybersecurity #BigData #Analytics #AI #IIoT #Python #RStats #TensorFlow #JavaScript #ReactJS #CloudComputing #Serverless #DataScientist #DevOps #Programming #Coding #100DaysofCode #NodeJS #golang #NLP #GitHub #IoT #MLOps https://t.co/RG5zXA7b4Q,en,1537939397210824707,268619848,2022-06-17T23:25:00.000Z
77,"#100DaysOfCode day 5
https://t.co/X6EcBgUqiI
#Javascript #Python dictionary:
J: array.forEach((item)=&gt;{}) === P: for item in list
J: for(let i = 0; i &lt; j; i++) == P: for i in range(0,j)
J: Math.max(array) === P: max(list) https://t.co/2fKOWXbbt9",en,1537939219229704195,3578692034,2022-06-17T23:24:18.000Z
78,"We deliver unique work üóù   
 üìö DM for value-based services  
 #Essaypay 
 #Case study 
 #python 
 #Paper pay
 #100DaysOfCode 
 #100DaysOfCode
 #Paper pay 
 #Math
 #Paper pay 
 #homework 
 #homework 
 #Econometrics 
 ‚ö†Ô∏è 
 üåè 

 https://t.co/MrEPSqHB5x",en,1537939188368125960,1343372118,2022-06-17T23:24:10.000Z
79,"#Bitcoin #Cryptos #BTC #orderflow #buythedip #cryptocurrencies #MachineLearning #AI #Python  #100DaysOfCode #fintech #nocode #metaverse #NFTs #cryptocrash #CoinMarketCap  #CardanoADA #btc $ADA 
Download Eagle Mining app at https://t.co/yiQJjCAXOC
Use my referral code: GAMAADEL",en,1537938874214719490,439380250,2022-06-17T23:22:55.000Z
80,"So You Want to Be a Freelance Web Designer?
#Innovation #Analytics #technology #Programming #coding #Digital #MachineLearning #Robotics #AI #Python #DataScience #Bigdata #cloud #RStats #Fintech #bot #TensorFlow #womenintech #100DaysOfCode #Flutter #twitme
https://t.co/bBns8iSLpg",en,1537938784972550147,1467611556120862726,2022-06-17T23:22:34.000Z
81,"Hire us to do your
*Project
*Math
*Essay due
*Pay write
*English
*Paper pay
*Case study
*Quiz
*Do my homework
*Online classes
*Python..
*Philosophy 
*Book review
#100DaysOfCode
#NodeJS
#javascript
#python
#WomenWhoCode
Email",en,1537938633251901441,1096694291500621824,2022-06-17T23:21:58.000Z
82,"Need a #Job?
Sign up now https://t.co/o7lVlsCHXv
FREE. NO MIDDLEMEN
#AbuDhabi #Pakistan #Iran #Irak #India #Dubai #Bangladesh #Taiwan #Thailand #Vietnam #Malaysia #Indonesia #Qatar #Python #JavaScript #ReactJS #WomenWhoCode #Programming #Coding #100DaysofCode #BTC #NFTs #HR #ETH https://t.co/9VaawNrX1k",en,1537938138097520641,1332714745871421443,2022-06-17T23:20:00.000Z
83,"#Bitcoin #Cryptos #BTC #orderflow #buythedip #cryptocurrencies #MachineLearning #AI #Python #DeepLearning #100DaysOfCode #fintech #nocode #metaverse #NFTs #cryptocrash #CoinMarketCap #blockchain #cryptocurrency #CardanoADA #btc $ADA 
https://t.co/NCcByxmrvf",qme,1537937615231414277,439380250,2022-06-17T23:17:55.000Z
84,Best of #CyberSecurity Tools #MachineLearning #DataScience #SQL #BigData #Analytics #AI #IIoT #Python #RStats #TensorFlow #JavaScript #ReactJS #CloudComputing #Serverless #DataScientist #Linux #Programming #Coding #100DaysofCode #NodeJS #golang #NLP #GitHub #IoT #MLOps #DevOps h,en,1537937597775106048,1269107130776223745,2022-06-17T23:17:51.000Z
85,Best of #CyberSecurity Tools #MachineLearning #DataScience #SQL #BigData #Analytics #AI #IIoT #Python #RStats #TensorFlow #JavaScript #ReactJS #CloudComputing #Serverless #DataScientist #Linux #Programming #Coding #100DaysofCode #NodeJS #golang #NLP #GitHub #IoT #MLOps #DevOps https://t.co/DRQ0JccSnP,en,1537937562953601026,268619848,2022-06-17T23:17:43.000Z
86,"#FEATURED #COURSES
Complete #Python #Developer in 2022: Zero to Mastery
How to become a #Python3 Developer and get hired
Build 12+ projects
learn #Web #Development
#Machine #Learning + more
https://t.co/vRkg9EK8Sw
#CodeNewbies #100DaysOfCode #webdevelopment #WomenWhoCode #online https://t.co/wVkieKCqWS",en,1537937265967566849,134434122,2022-06-17T23:16:32.000Z
87,"Hit us up for all your essay dues 
essay due
finance
paper pay
do my homework
online class
essay help
english
assignment.
math
biology
coursework
articles
midterm exam
philosophy
calculus
Engineering

#100DaysOfCode #WomenWhoCode #NodeJS #IoT #Python #javascript #Econometrics https://t.co/koDgxpdAQX",en,1537936884474605569,1096694291500621824,2022-06-17T23:15:01.000Z
88,"Hit us up for all your essay dues 
essay due
finance
paper pay
do my homework
online class
essay help
english
assignment.
math
biology
coursework
articles
midterm exam
philosophy
calculus
Engineering

#100DaysOfCode #WomenWhoCode #NodeJS #IoT #Python #javascript #Econometrics",en,1537936828648390658,1096694291500621824,2022-06-17T23:14:48.000Z
89,"#Bitcoin #Cryptos #BTC #cryptocurrencies #AI #Python #DeepLearning #100DaysOfCode #fintech #nocode #metaverse #NFTs #cryptocrash #CoinMarketCap #blockchain #cryptocurrency #CardanoADA #btc $ADA 
Hexa Network invite link. Download using the link https://t.co/k1jyclvvng",en,1537936631054839811,439380250,2022-06-17T23:14:00.000Z
90,"""From a certain point onward there is no longer any turning back. That is the point that must be reached.""- Franz Kafka #softwareengineer #javascript #python #C++ #golang #nodejs #reactjs #stockopertor #highgrowthstocks $SPX $QQQ $RUT $VIX #canslim #100DaysOfCode",en,1537935737278017541,1243665419501744133,2022-06-17T23:10:27.000Z
91,"For quality assignment help dm

Essays
Exams
Homework
Biology
Chemistry
English
#FALLSEMESTER 
Ecology
Anatomy
#MachineLearning  #DataScience #5G #100DaysOfCode
#Python #Cybersecurity #BigData #AI #IoT #DeepLearning
#ArtificialIntelligence #NLP #robots  #javascript https://t.co/mYAspLxJas",en,1537935482658574337,1402185900247953410,2022-06-17T23:09:27.000Z
92,"Pay us to do or write your 
*Project
*Math
*Essay due
*Pay write
*English
*Paper pay
*Case study
*Quiz
*Do my homework
*Online classes
*Python
*Philosophy 
*Book review
Assignment due
#Pay someone write
#100DaysOfCode
#NodeJS
#coding
#USA
Email crucialessays@gmail.com https://t.co/8Yyc95SAkT",en,1537935149916033026,1096694291500621824,2022-06-17T23:08:07.000Z
93,"Pay us to do or write your 
*Project
*Math
*Essay due
*Pay write
*English
*Paper pay
*Case study
*Quiz
*Do my homework
*Online classes
*Python
*Philosophy 
*Book review
Assignment due
#Pay someone write
#100DaysOfCode
#NodeJS
#coding
#USA.
Email crucialessays@gmail.com",en,1537935116441268231,1096694291500621824,2022-06-17T23:07:59.000Z
94,"Pay us to do or write your 
*Project
*Math
*Essay due
*Pay write
*English
*Paper pay
*Case study
*Quiz
*Do my homework
*Online classes
*Python
*Philosophy 
*Book review
Assignment due
#Pay someone write
#100DaysOfCode
#NodeJS
#coding.
#USA
Email crucialessays@gmail.com",en,1537935095557804034,1096694291500621824,2022-06-17T23:07:54.000Z
95,"Pay us to do or write your 
*Project
*Math
*Essay due
*Pay write
*English
*Paper pay
*Case study
*Quiz
*Do my homework
*Online classes
*Python
*Philosophy 
*Book review
Assignment due
#Pay someone write
#100DaysOfCode
#NodeJS.
#coding
#USA
Email crucialessays@gmail.com",en,1537935073361637377,1096694291500621824,2022-06-17T23:07:49.000Z
96,"Pay us to do or write your 
*Project
*Math
*Essay due
*Pay write
*English
*Paper pay
*Case study
*Quiz
*Do my homework
*Online classes
*Python
*Philosophy 
*Book review
Assignment due
#Pay someone write
#100DaysOfCode.
#NodeJS
#coding
#USA
Email crucialessays@gmail.com",en,1537935051232407552,1096694291500621824,2022-06-17T23:07:44.000Z
97,"Pay us to do or write your 
*Project
*Math
*Essay due
*Pay write
*English
*Paper pay
*Case study
*Quiz
*Do my homework
*Online classes
*Python
*Philosophy 
*Book review
Assignment due
#Pay someone write.
#100DaysOfCode
#NodeJS
#coding
#USA
Email crucialessays@gmail.com",en,1537935029132595200,1096694291500621824,2022-06-17T23:07:39.000Z
98,"Pay us to do or write your 
*Project
*Math
*Essay due
*Pay write
*English
*Paper pay
*Case study
*Quiz
*Do my homework.
*Online classes
*Python
*Philosophy 
*Book review
Assignment due
#Pay someone write
#100DaysOfCode
#NodeJS
#coding
#USA
Email crucialessays@gmail.com",en,1537935006487654401,1096694291500621824,2022-06-17T23:07:33.000Z
99,#Fresh #House #Bass #EDM #release by Mixmag | #Retweet #AI #rtitbot '@BlazedRTs '@RexRTs '@sme_rt #php #react #python #nodejs #flutter #webdev #100daysofcode #sound #design #coding | #Buy the #music https://t.co/m4QGWURhxU,en,1537934988640854016,1949360875,2022-06-17T23:07:29.000Z
